study_hours_per_week,sleep_hours_per_day,attendance_percentage,assignments_completed,final_grade,participation_level_low,participation_level_medium,internet_access_yes,parental_education_high_school,parental_education_master_s,parental_education_phd,extracurricular_yes,part_time_job_yes,study_hours_per_day
0.4998301131077097,0.4809408935226096,0.5208849390892833,0.6666666666666667,67.9813312621744,0,0,1,0,1,0,1,0,0.07140430187252995
0.32782352644568014,0.5393042339402943,0.62135022764476,0.5555555555555556,67.27118054088264,1,0,1,0,0,1,1,0,0.04683193234938287
0.4003349722381184,0.6871356786294922,0.441096107723598,0.5555555555555556,71.49809188822465,0,0,1,0,0,0,1,0,0.0571907103197312
0.1255644036681448,0.31848726759168056,0.5103250739779246,0.6666666666666667,59.68224432092437,0,0,1,0,0,0,1,1,0.01793777195259211
0.4733079320863081,0.6186202515936767,0.3013442394094006,0.5555555555555556,67.60018062484772,0,0,1,0,0,0,1,0,0.06761541886947259
0.6725497040331692,0.19536261904324512,0.2150141104756131,0.6666666666666667,64.53083470500461,0,1,1,0,0,0,1,0,0.0960785291475956
0.4639990083292414,0.4381655753062723,0.4619346590429032,0.8888888888888888,62.69634618505818,1,0,1,0,0,0,1,0,0.06628557261846306
0.24966477150785576,0.6451533247797387,0.6563584411564785,1,57.34022454594506,0,1,1,1,0,0,1,1,0.03566639592969368
0.5799214642509378,0.5056636752260923,0.7315085282298126,0.5555555555555556,63.81510557270993,0,1,1,0,1,0,1,1,0.08284592346441969
0.32522715956778303,0.3920480639381276,0.8925523882136455,0.2222222222222223,61.1812139698251,0,1,1,0,1,0,1,0,0.04646102279539758
0.5887369768061312,0.5052182100421669,0.4350460102951837,0.6666666666666667,57.80424156197101,0,1,1,0,0,0,1,1,0.08410528240087589
0.271570085390035,0.8595373053699047,1.0000000000000004,0.3333333333333333,57.41967670138478,1,0,1,1,0,0,0,0,0.03879572648429071
0.6043229154586456,0.35381399201161634,0.2965885196397906,0.2222222222222223,52.00579721809032,1,0,1,1,0,0,0,1,0.0863318450655208
0.3311069908480293,0.4462222618890339,0.5219385032883195,0.4444444444444443,63.04454747693011,0,0,1,0,0,0,1,0,0.04730099869257561
0.5299890166300036,0.3287832348182267,0.6242806127832403,0.1111111111111111,58.82039445260687,0,1,1,0,0,0,1,0,0.07571271666142909
0.4606240360024511,0.5143132474438785,0.6531253724105563,0.7777777777777779,77.2237910190096,0,0,1,0,1,0,0,0,0.06580343371463587
0.36373876563340257,1,0.3899842548293946,0.7777777777777779,71.67100693978927,0,0,1,0,0,0,1,1,0.05196268080477179
0.2971348717442556,0.5652266044484238,0.6651405264985999,0.3333333333333333,58.434141542962294,0,1,0,0,1,0,0,1,0.04244783882060794
0.31838598689706055,0.4992794921818864,0.7216335458945173,0.4444444444444443,56.17812079206222,0,1,1,1,0,0,1,0,0.04548371241386579
0.5084553526009956,0.2439391202658212,0.8229547230177445,1,68.24791522341582,0,1,1,1,0,0,1,0,0.07263647894299938
0.2098671487150186,0.9910600279821792,0.8857176161230269,0.7777777777777779,66.06343446756856,0,1,1,0,0,0,0,1,0.02998102124500265
0.31390222905507154,0.664634116792383,0.9447143318495964,1,72.0581687816938,0,1,1,0,0,0,0,0,0.04484317557929594
0.5405372716204055,0.4095387361501848,0.6417152301323674,0,56.17017912912955,0,0,0,0,0,0,0,0,0.0772196102314865
0.44127507646066294,0.7841008495979711,0.5363786993361916,0.4444444444444443,69.32044505776172,0,1,0,0,0,0,1,0,0.06303929663723756
0.5763882267716005,0.3954279945693464,0.6363648639448383,0.8888888888888888,62.837322852314735,0,1,1,0,1,0,1,0,0.08234117525308579
0.4629315427294221,0.13902357986709624,0.7705693653800725,0.4444444444444443,56.96587647407144,0,1,1,0,0,0,1,1,0.06613307753277459
0.7076465803623431,0.38152121515222626,0.8766706200328396,0.8888888888888888,68.478047756727,0,1,1,0,1,0,0,1,0.10109236862319186
0.6982984573227207,0.29967599802101685,1.0000000000000004,0.6666666666666667,70.74904041019434,0,0,1,1,0,0,1,0,0.09975692247467438
0.9575912458536506,0.18321943530285537,0.46447251881841334,0.3333333333333333,58.40643897058775,1,0,1,1,0,0,1,1,0.13679874940766437
0.6165219878696355,0.7107283593215681,0.7561717715321388,0.4444444444444443,73.81535168377947,0,1,1,0,1,0,1,1,0.08807456969566221
0.5395928628933055,0.5422034934405238,0.38207128669699486,0.5555555555555556,58.47201016531719,1,0,1,1,0,0,0,0,0.07708469469904365
0.4556975246794626,0.5388179985796615,0.7871046140295048,0.1111111111111111,60.2794780874214,0,1,1,1,0,0,1,0,0.06509964638278037
0.3946098860334666,0.6541730387773936,0.5706911114606914,0.1111111111111111,45.143059742174366,1,0,1,1,0,0,0,1,0.0563728408619238
0.4078324631381925,0.567699281498883,0.5890648013466664,0.8888888888888888,70.47443184224488,0,1,1,0,0,0,1,1,0.05826178044831321
0.425169730713071,0.6059608355830566,0.9190972007034328,0.6666666666666667,73.03220523677503,0,1,1,0,1,0,1,1,0.06073853295901015
0.4982308711674593,0.3895553911438059,0.3277226748600608,0.2222222222222223,58.67553219679157,0,0,1,1,0,0,1,1,0.07117583873820847
0.6863017124102846,0.2241361543970948,0.3524659606895377,0.4444444444444443,68.26605738582758,0,0,1,0,0,1,0,0,0.0980431017728978
0.29490204919680585,0.3162696107031604,0.9514871724930312,0.6666666666666667,65.33736407213149,0,0,1,0,1,0,1,0,0.04212886417097226
0.17653057201757316,0.448081729727279,0.6349849170527282,0.8888888888888888,60.185308156951734,0,0,1,0,0,0,0,1,0.02521865314536759
0.753157475195934,0.16769598754620807,0.2838660041589902,0.1111111111111111,63.11799632144069,0,1,1,1,0,0,0,0,0.10759392502799058
0.4873695095649051,0.14425595021914428,0.5254514270821535,0.4444444444444443,62.199332147680344,0,1,1,0,1,0,1,0,0.0696242156521293
0,1,0.7942540878785795,0.1111111111111111,60.31887430878356,0,0,1,0,1,0,1,1,0
0.22440557660767071,0.7133349379178311,1.0000000000000004,0.7777777777777779,67.8090354804539,0,0,1,0,0,0,1,1,0.03205793951538153
0.5520071027086357,0.7390093257849686,0.4280971855974736,0.4444444444444443,63.26792782785873,0,0,0,1,0,0,1,1,0.0788581575298051
0.5491686959884912,0.4436430782278986,0.8083986398532725,0.1111111111111111,67.44173076674599,0,0,1,0,0,0,1,1,0.07845267085549874
0.4556991452257651,0.3674752482108308,0.6640498947704292,0.7777777777777779,67.24944206745378,0,1,1,1,0,0,1,0,0.06509987788939502
0.5630469241259262,0.4384443530094,0.9767904493735204,0.5555555555555556,69.72992152261727,0,1,1,0,0,0,1,0,0.08043527487513231
0.4295911045256464,0.48016482724412346,0.3698236950751283,0,57.87048800997192,0,1,1,0,1,0,1,0,0.06137015778937806
0.5356273413061174,0.7511512251147043,0.9207654137262056,1,80.80904584624466,0,1,1,0,1,0,1,0,0.07651819161515963
0.29120707207214386,0.29757912494796646,0.6132265779416857,0.6666666666666667,58.878356026269806,0,1,1,1,0,0,0,1,0.04160101029602055
0.6036348311946509,0.5704110793028594,1.0000000000000004,0.5555555555555556,59.11504123478881,1,0,0,0,0,0,1,0,0.08623354731352155
0.5284521970307519,0.7887529208146518,1.0000000000000004,0.1111111111111111,69.00907291790378,0,0,1,0,0,1,0,0,0.07549317100439312
0.17565846591283585,0.6486528188045431,0.7653611632418271,0.2222222222222223,53.96323630108269,1,0,1,0,1,0,0,0,0.02509406655897655
0.5132412656005274,0.5212860455383794,1.0000000000000004,0.5555555555555556,66.21817755368131,0,0,1,0,0,0,0,0,0.07332018080007534
0.3156402420215158,0.5228455297324079,0.5139546283039258,0.4444444444444443,64.87980878314794,0,0,1,0,1,0,1,1,0.04509146314593083
0.3406611911410121,0.16780781329680194,0.17188313392767496,0.8888888888888888,56.81422584175833,1,0,1,0,1,0,0,0,0.04866588444871601
0.5047171152857168,0.125841615794829,0.5615379032249175,0.6666666666666667,62.74627861688899,0,0,1,1,0,0,1,1,0.07210244504081668
0.7007838721887727,0.8352874624550566,0.7799841140783088,0.4444444444444443,68.57911591169099,0,1,1,0,1,0,1,1,0.10011198174125324
0.5814281951736484,0.05777293819842311,0.5555132962259357,0.1111111111111111,57.44257926347304,0,1,1,1,0,0,1,0,0.08306117073909262
0.2600552821101064,0.6742249406863383,0.9353024431494834,0.8888888888888888,68.75093066457893,0,0,1,1,0,0,0,1,0.03715075458715806
0.4823544335451327,0.4328430601419744,0.6008776746316613,0.5555555555555556,54.74333749496117,1,0,1,0,0,0,1,1,0.06890777622073324
1,0.8392912736580076,1.0000000000000004,0.6666666666666667,92.00780665857069,0,0,1,0,1,0,0,1,0.14285714285714285
0.5873877149781144,0.37252257453869664,0.794879947798377,0.3333333333333333,68.5286421576871,1,0,1,1,0,0,1,0,0.0839125307111592
0.20309705419489044,0.5578337287815636,0.07915559595501875,1,57.49643187503831,1,0,1,1,0,0,1,0,0.02901386488498434
0.33668229707069003,0.8006796603534303,0.3417222726581479,1,73.43032526381735,0,1,1,0,0,0,0,0,0.04809747101009858
0.5860447939479485,0.2446502848359382,0.8635597029696656,0.3333333333333333,63.51482502605783,0,1,1,0,1,0,1,1,0.08372068484970693
0.477621060373356,0.3545725648350264,1.0000000000000004,0.4444444444444443,67.699705505817093,0,0,0,0,0,0,1,0,0.06823158005333657
0.5675222077770128,0.6671384224130283,1.0000000000000004,0,64.56201612324213,1,0,1,0,0,0,1,0,0.08107460111100183
0.24723469233348191,0.3889600946613605,0.7407607793661142,0.7777777777777779,57.257728738633894,0,1,1,0,1,0,0,0,0.03531924176192599
0.20740215951149876,0.2683270621614915,0.8853178129763486,0.3333333333333333,40.20040304814294,1,0,0,1,0,0,0,1,0.0296288799302141
0.44794508471657096,0.2028879253926057,0.3663543574427304,0,46.58630812057723,0,1,1,1,0,0,1,1,0.06399215495951013
0.5588211428401966,0.23036291557885755,0.8162251153280704,1,69.68334752564563,0,1,1,0,0,0,0,0,0.07983159183431379
0.3507298562376157,0.6510782451651513,0.7154427911000467,0.4444444444444443,69.1501451455683,0,0,1,1,0,0,1,0,0.05010426517680224
0.49470233483337983,0.5258442363950455,0.7540686659541027,0.5555555555555556,64.97397234604972,1,0,1,0,0,0,0,0,0.07067176211905427
0.3898340866781497,0.5667324210573899,0.6816923302892177,0.8888888888888888,63.950929696084344,0,1,1,0,0,0,0,0,0.05569058381116425
0.43452355176747776,0.5244019629290724,0.6872554445317292,1,64.63641221282998,1,0,1,0,1,0,1,0,0.06207479310963968
0.8017684593319987,0.705831127465129,0.4838530890880155,0.3333333333333333,75.10013055598397,0,0,1,0,0,1,1,0,0.11453835133314268
0.3608182705136884,0.5496441172600672,0.7691168164657123,0,56.81828321367571,0,1,1,1,0,0,1,0,0.0515454672162412
0.48505897969309647,0.6349638984333208,0.6703855501940255,1,69.33992731187789,0,0,1,1,0,0,1,0,0.06929413995615664
0.2230801029613727,0.7012585618428879,0.7215796923641173,0.4444444444444443,60.49083108068996,0,1,1,0,0,0,1,0,0.03186858613733896
0.2458938615773363,0.539616952153571,0.896688130752215,0.7777777777777779,59.345668209164074,0,0,0,0,0,0,0,1,0.03512769451104804
0.5865166669104818,0.7028740130036262,1.0000000000000004,0.8888888888888888,85.14096073796414,0,0,1,0,0,1,1,1,0.08378809527292597
0.5302857254954523,0.08361411842325572,0.3453664558445557,0.5555555555555556,45.10801430223883,1,0,1,1,0,0,0,1,0.07575510364220747
0.26418644384204526,0.6754724581151343,0.26254151135874126,0.6666666666666667,64.40209101938262,0,0,1,0,1,0,1,0,0.03774092054886361
0.30089707755640044,0.3636031504004405,0.7123537702299596,0.8888888888888888,55.99672427890449,0,1,0,1,0,0,1,1,0.04298529679377149
0.2681592896184611,0.25779676004750884,0.8193279121266963,0.1111111111111111,56.11418119358482,0,1,1,0,1,0,1,0,0.03830846994549444
0.6982827538457819,0.6125938473381141,0.5200944918695045,0.2222222222222223,66.60992125033138,1,0,1,0,0,0,1,0,0.099754679120826
0.4847714897054501,0.4522103906267181,1.0000000000000004,0.5555555555555556,68.6936924501433,0,0,1,0,0,0,0,1,0.06925306995792144
0.28015677005518713,0.24969211516191137,0.7253489440953307,0.3333333333333333,55.25664439430372,0,1,1,0,0,0,0,0,0.04002239572216959
0.09046182372614328,0.4021121114963558,1.0000000000000004,0.3333333333333333,48.77749309554412,0,1,1,1,0,0,1,1,0.01292311767516332
0.5286089909411873,0.37503628446086434,0.5351831570745142,0.7777777777777779,65.14984313411921,1,0,1,1,0,0,1,0,0.07551557013445533
0.4644937163964275,0.6290968362282152,0.5950701968748975,0.4444444444444443,62.592076323453874,0,1,1,1,0,0,1,0,0.06635624519948964
0.3458492129718061,0.40425027566730454,0.6675727169081727,0.3333333333333333,55.64185224136102,0,0,1,0,0,0,0,1,0.04940703042454373
0.34440829825131203,0.45049627288969907,0.7606254226047486,0.1111111111111111,65.76410977664142,0,0,1,0,0,0,0,0,0.04920118546447315
0.35615107714993793,0.6660671633088491,0.6097847035741921,0.2222222222222223,57.90824973503435,0,1,1,0,0,0,0,0,0.05087872530713399
0.3537139903569139,0.34734816869149654,1.0000000000000004,0.6666666666666667,66.32628341961238,0,1,1,0,0,0,1,0,0.0505305700509877
0.40975740271823186,0.5859236438265172,0.7595296018759288,0.4444444444444443,65.42177139470454,0,1,1,0,1,0,0,0,0.05853677181689026
0.4465431779080769,0.5668913579974051,0.45388809929911833,0.4444444444444443,58.60582546877183,0,1,1,1,0,0,1,0,0.0637918825582967
0.1190964778573608,0.7161561451109244,0.36186938681286,0.4444444444444443,61.30539886601339,0,0,1,0,0,0,1,1,0.01701378255105154
0.3662485024269936,0.6297419775179287,0.712383598630872,0.5555555555555556,56.5689711310658,0,1,1,1,0,0,0,0,0.05232121463242766
0.3560275865093565,0.49196840987113144,0.3931654126585355,0.3333333333333333,55.5847540224949,0,1,0,1,0,0,0,0,0.05086108378705093
0.5762831022849522,0.3419051089109377,0.925304408697218,0.4444444444444443,59.55070513019509,1,0,1,0,0,0,1,0,0.08232615746927888
0.43203679181674987,0.7992088622978366,1.0000000000000004,0.5555555555555556,63.554530327002155,0,0,1,0,0,0,0,1,0.06171954168810712
0.5234165979297423,0.4951749825779994,1.0000000000000004,0.1111111111111111,63.777055397958335,0,1,1,0,0,0,0,0,0.0747737997042489
0.24507667376433265,0.4347952935664319,0.2674191710073721,1,63.68489397824789,0,0,1,0,0,0,0,0,0.03501095339490466
0.4541458975187777,0.6848054038413804,0.7214553672710364,0.7777777777777779,66.9410495565021,1,0,1,1,0,0,0,0,0.06487798535982539
0.4324427575143888,0.09237509296442936,0.3703209340007602,0.2222222222222223,56.98508467145449,0,0,1,0,0,0,0,1,0.06177753678776983
0.48619325283542386,0.8697912189890691,0.44044839570400773,0.2222222222222223,63.57965681442429,0,1,1,0,0,0,0,0,0.06945617897648912
0.4750014454008364,0.5447575903277797,0.9101312587668532,0.4444444444444443,59.43318493356797,1,0,0,1,0,0,0,0,0.06785734934297663
0.6069644000140697,0.4930630225226438,0.7040565949676356,0.7777777777777779,72.46724428746577,0,0,0,0,0,0,1,0,0.08670920000200996
0.30969551062891315,0.5363732510116992,0.757993551394319,0.1111111111111111,49.23268145154328,1,0,1,0,1,0,0,1,0.04424221580413045
0.6050071326518314,0.3574308434645672,0.9061231779439812,0,61.97138296672604,0,1,1,0,0,0,1,0,0.08642959037883305
0.702766845280701,0.16902866562684626,0.892600494531596,0.1111111111111111,66.50601662488394,0,0,1,0,1,0,1,0,0.10039526361152872
0.49845843934357686,0.5173179574945801,0.5250366727130498,1,59.54188248637453,1,0,1,0,0,0,1,1,0.07120834847765384
0.7052183870801121,0.45617989423822713,0.373023759351836,0.7777777777777779,63.83000001032588,1,0,1,1,0,0,1,1,0.10074548386858743
0.6867001239706638,0.8504540886847245,0.6469428433578646,0.5555555555555556,70.10348666066007,0,0,1,1,0,0,1,0,0.09810001771009484
0.699900929944874,0.19685117700055368,0.8036268348036844,0.6666666666666667,64.9093144508333,1,0,0,1,0,0,1,0,0.099985847134982
0.5500976148307797,0.5945194964826088,1.0000000000000004,0.4444444444444443,67.35146819939852,0,1,1,0,0,0,1,0,0.07858537354725424
0.4879536564744259,0.3042472568435386,0.20765101905509775,0.6666666666666667,65.73750498790861,0,1,1,0,0,0,1,0,0.06970766521063228
0.3122989724007204,0.7234591663176255,0.2625521598371696,1,64.52317867848319,0,0,0,0,0,0,1,0,0.04461413891438863
0.5530096529954107,0.5798272228704144,0.8766084572930808,0.4444444444444443,66.84421395274256,0,1,1,0,1,0,1,1,0.07900137899934438
0.279355056922663,0.3020790359482839,0.7396575600273407,0.5555555555555556,56.12964472192269,0,1,0,1,0,0,0,0,0.03990786527466614
0.6337053844745444,0.48065737762592153,0.5094655297990633,0.3333333333333333,59.01975790899366,0,0,1,1,0,0,1,1,0.09052934063922062
0.5013031069138851,0.42571182680084174,0.6552082607936129,0.4444444444444443,68.92202913655836,0,0,1,0,0,0,0,0,0.07161472955912644
0.6383050698036044,0.6264815478111043,0.4171132612060422,0.4444444444444443,72.35627534589322,0,0,1,0,0,0,1,0,0.09118643854337204
0.35108093774494953,0.3967910543565254,0.8990643790978949,1,74.06599712618342,0,0,1,0,0,0,1,0,0.05015441967784993
0.41074566903879534,0.32107853955609933,0.7794424520770686,0.4444444444444443,57.50896970064421,1,0,1,0,0,0,1,1,0.0586779527198279
0.4805208760414403,0.3043254444769936,0.3529511045914848,0.4444444444444443,66.65133128444181,0,1,1,0,0,1,0,0,0.06864583943449147
0.37757436579680503,0.4224596880128031,0.63302553546982,0.2222222222222223,56.51903739038096,0,0,1,0,0,0,1,1,0.05393919511382929
0.5301842501209026,0.9326509446610922,0.6116828441778375,0.3333333333333333,64.84750490068846,1,0,1,0,0,0,1,0,0.07574060716012895
0.40886991915913656,0.3938006089996364,0.6177102796630196,0.7777777777777779,70.04731544676225,0,0,1,0,0,0,1,0,0.05840998845130522
0.2947086658863848,0.664096436239473,0.7760374394375336,0.7777777777777779,57.058278293114014,1,0,1,1,0,0,1,0,0.04210123798376925
0.3802255116341511,0.6241344195101357,0.5982063628407621,0.4444444444444443,65.56030093469776,0,0,1,0,0,0,1,1,0.05431793023345015
0.4544828127679488,0.5559937252639642,0.8708610256926281,0,56.823265980951255,0,1,1,0,1,0,0,1,0.06492611610970697
0.758808761312866,0.34524216017928544,0.8113687414643413,0.7777777777777779,70.45662215462623,0,1,1,0,1,0,0,1,0.10840125161612373
0.27190405737454876,0.591350643830757,0.757813875448091,0.3333333333333333,59.446817631900295,0,1,1,0,0,0,0,0,0.03884343676779268
0.48315339397127827,0.2786948182516662,0.36375227380790465,1,67.75191950954208,0,0,1,1,0,0,0,0,0.06902191342446833
0.3743368906502179,0.315566935164475,0,0.5555555555555556,49.55405973343401,1,0,1,0,0,0,1,1,0.05347669866431685
0.19121611678544215,0.31012022223361146,0.9535467094812042,0.4444444444444443,59.10764429258904,0,1,1,0,0,1,1,1,0.02731658811220602
0.553870045883416,0.47112791761521144,0.5945727099782849,1,67.38505981555893,1,0,1,0,1,0,1,0,0.07912429226905944
0.49328985666089126,1,1.0000000000000004,0.6666666666666667,81.6260104159101,0,0,1,0,1,0,1,0,0.07046997952298446
0.40541888199055515,0.3698714861756347,0.8311266213446076,0.3333333333333333,58.96748427829645,0,1,1,1,0,0,1,0,0.05791698314150788
0.24207967564648905,0.7906768954235404,0.21290767306553704,0.3333333333333333,53.60488900481425,1,0,1,0,1,0,1,1,0.03458281080664129
0.20513408591453783,0.3875066448211466,0.8105280640643344,0.6666666666666667,54.679997534438066,0,1,1,1,0,0,1,0,0.02930486941636254
0.44531839439747495,0.5057489645869637,0.9438434682451268,0.8888888888888888,75.78213723694529,0,0,1,0,0,0,0,0,0.06361691348535356
0.5424973121918739,0.5918360158456875,0.7871405855561973,0.7777777777777779,70.86586532805248,0,0,1,1,0,0,0,0,0.07749961602741055
0.5640348204104382,0.06023880867598374,0.5348602482777709,0.4444444444444443,59.0191654628901,0,1,1,1,0,0,0,0,0.08057640291577688
0.6162776981937697,0.5675205324150405,0.542437958597235,0.3333333333333333,70.2737783053842,0,0,1,1,0,0,1,0,0.08803967117053853
0.4424033156366253,0.23110989779314473,1.0000000000000004,0.3333333333333333,62.11461396767051,0,1,1,0,0,1,1,0,0.06320047366237505
0.4755201635726824,0.6965381967891027,0.5416788327387292,0.6666666666666667,67.33092573490595,0,1,1,1,0,0,0,0,0.06793145193895463
0.5974214356202405,0.22966307887673332,0.8624124170633358,0.4444444444444443,68.1423425829541,0,0,0,0,0,0,1,0,0.08534591937432008
0.5132663534903819,0.696864479695317,0.5799257800865445,0.5555555555555556,63.689030302484994,0,1,1,0,0,0,0,0,0.07332376478434026
0.7879024319247756,0.7147263499719543,0.7941477452624972,0.4444444444444443,83.02274123243734,0,0,1,0,0,1,1,0,0.11255749027496796
0.7029697736981981,0.621579301943308,0.6828639931825986,0.8888888888888888,72.49461900471826,0,1,1,0,0,0,1,1,0.10042425338545688
0.06079091698851366,0.3637896685050239,0.5286853268430747,1,50.88856802130864,1,0,1,0,0,0,1,1,0.0086844167126448
0.6259362106056721,0.46320333272946423,0.639663691071481,0.5555555555555556,67.50228745402077,0,0,1,1,0,0,0,0,0.08941945865795316
0.6206314821475971,0.4593909227914015,0.30518290793629976,0.4444444444444443,62.79957667426357,0,1,0,0,0,0,1,0,0.08866164030679959
0.4589522891508062,0.5471229116217131,0.3097634979135697,0.1111111111111111,55.54741286841427,0,1,1,0,0,0,1,1,0.06556461273582946
0.6907601185680303,0.6265563732212571,0.5953117759418602,1,83.46556087341752,0,0,1,0,0,0,0,0,0.09868001693829004
0.5248565136516419,0.5978749122455838,0.30654517135731263,0.5555555555555556,64.91750860207904,0,1,1,0,0,0,1,0,0.07497950195023455
0.6310402630168739,0.6520829312288594,0.5685307615149124,0.4444444444444443,66.63529372226387,1,0,1,0,0,0,1,0,0.09014860900241056
0.5086640077325839,0.438090712137202,0.7715291883907587,0.4444444444444443,69.50344914538192,0,0,0,0,1,0,1,0,0.07266628681894056
0.6555963026422149,0.5986635801761779,1.0000000000000004,0.4444444444444443,64.10310441194468,1,0,0,0,1,0,1,0,0.09365661466317356
0.7605766082201024,0.8007985977165377,0.8000700728254557,0.4444444444444443,74.58768840568558,0,0,1,1,0,0,0,1,0.10865380117430036
0.34454860728548226,0.42133223753452786,0.7937677701569563,0.6666666666666667,68.65811990245402,0,0,1,0,0,0,1,0,0.04922122961221175
0.1919126007446857,0.6681287097977451,0.6386933708420268,0.1111111111111111,52.93762103234712,0,1,1,0,0,0,0,0,0.02741608582066938
0.44135892177904607,0.33352888537915426,0.543376887662923,0.4444444444444443,61.47652858093385,0,0,0,0,0,0,0,0,0.06305127453986373
0.7158803687063264,0.29575343657385744,0.6121780987550038,0.7777777777777779,71.58304706761483,1,0,1,1,0,0,0,0,0.10226862410090376
0.20906049422189588,0.6502774246743579,0.7677582185260299,0.5555555555555556,58.71830050678006,0,1,1,0,0,0,0,0,0.02986578488884226
0.5342627850585542,0.4437799414228092,1.0000000000000004,0.2222222222222223,67.03203276159228,0,1,1,1,0,0,1,0,0.07632325500836488
0.3076640580524927,0.39131504577324705,0.2892269880680871,0.6666666666666667,61.468830022462726,0,0,0,0,0,0,1,0,0.04395200829321324
0.38026406437505833,0.468864552921584,0.761200172566793,0.8888888888888888,65.01622590533674,0,1,1,0,0,0,1,1,0.05432343776786547
0.4068150610300218,0.6086720384759872,0.5370285280839568,0.2222222222222223,57.383170545695805,0,1,0,0,0,0,0,0,0.05811643729000311
0.4466114264240956,0.27788483090683425,0.2782304628051331,0.7777777777777779,55.300986140999896,1,0,1,1,0,0,0,0,0.06380163234629938
0.4730058246427729,0.27405862906847656,0.5635765833471269,0.5555555555555556,61.40637710472091,0,0,1,1,0,0,0,1,0.06757226066325327
0.6620242456368326,0.706368907893727,0.6720750050592552,0.6666666666666667,69.84598022049293,0,1,1,1,0,0,1,0,0.09457489223383322
0.35806607473216984,0.954138571560879,1.0000000000000004,0.7777777777777779,72.3904855147668,0,1,1,0,0,0,0,0,0.05115229639030998
0.3672081623090341,0.5540913651559678,0.9742932219243574,0.7777777777777779,66.58014083945928,0,1,1,1,0,0,1,0,0.05245830890129058
0.4253544702356747,0.7413017933016715,0.9472447034711062,0.3333333333333333,62.05682669881061,1,0,1,0,0,0,0,0,0.06076492431938209
0.803308187363037,0.4933746054252408,1.0000000000000004,0.8888888888888888,74.74957400890789,0,1,1,0,1,0,0,1,0.11475831248043386
0.3482938351673773,0.7217407161165816,0.4954736001209503,1,56.09119403466701,1,0,0,0,0,0,0,1,0.04975626216676818
0.2368213146591131,0.6231871213888529,0.7436222202714649,0.5555555555555556,56.76787222917481,1,0,1,0,0,0,1,0,0.0338316163798733
0.5274441596520194,0.34034055109230943,1.0000000000000004,0.2222222222222223,67.27926614548706,0,1,1,0,0,0,1,0,0.0753491656645742
0.48527220629589823,0.2754555956875404,0.770711452011462,0.8888888888888888,73.44088162182662,0,0,1,0,0,0,1,0,0.06932460089941403
0.47006529543536574,0.24977728472293936,0.7974296975814461,0.2222222222222223,62.67677047376811,0,1,1,0,1,0,1,0,0.0671521850621951
0.7386868178246273,0.37769643940161046,0.7237379506361421,0.4444444444444443,71.8025256802169,0,1,1,0,0,1,0,0,0.10552668826066104
0.25394939480600726,0.46301957271140215,0.985102062700685,0.2222222222222223,57.109484499323514,0,1,1,0,1,0,1,0,0.03627848497228675
0.5310021968179732,0.54058460417026,0.6661412485961682,1,75.88610343866948,0,1,1,0,0,1,1,0,0.0758574566882819
0.5119413962712704,0.21866778063035563,0.30992217535587807,0.5555555555555556,52.87470295186345,1,0,1,0,0,0,0,1,0.07313448518161006
0.3622776220013056,0.5415375374326223,1.0000000000000004,0.8888888888888888,68.31380784015172,0,1,1,0,1,0,1,0,0.05175394600018651
0.5587863544441845,0.5754423750129043,0.4145939462054829,0.7777777777777779,68.77943465417243,0,1,1,1,0,0,0,1,0.07982662206345492
0.4421949069881221,0.4867840402705368,0.7619908606846435,0.6666666666666667,65.00027513603335,0,1,1,1,0,0,0,0,0.06317070099830316
0.47725465042263165,0.3846216260953703,0.9117945890081534,0,59.738584793739754,0,0,1,0,0,0,0,0,0.06817923577466166
0.5348711183754387,0.33380997671779244,0.5459224778527298,0.4444444444444443,72.14665345263793,0,0,1,0,0,0,0,0,0.0764101597679198
0.5800293837778843,0.539310955302315,0.7986598860196028,0.7777777777777779,72.29952368596177,0,1,1,0,0,1,0,0,0.08286134053969775
0.5422539600778229,0.8186373253278796,1.0000000000000004,0.6666666666666667,69.44502394064881,0,1,1,0,0,0,0,1,0.07746485143968898
0.4023497525455844,0.7298546652571354,0.7088413800604392,0.4444444444444443,62.2770519759844,0,1,1,0,0,1,0,1,0.05747853607794063
0.352169560219914,0.613953456046441,0.9679019112923704,0.5555555555555556,64.0513771856016,0,0,1,0,0,0,1,1,0.05030993717427343
0.5634445267931265,0.6425996860344776,0.8872093005388866,1,69.90211027678765,0,1,1,0,1,0,1,1,0.08049207525616094
0.3645820714702294,0.5579549713792826,0.8481158327784208,0.8888888888888888,57.25569278329583,0,1,1,0,0,0,0,1,0.05208315306717563
0.3156094804685333,0.9020409077532698,0.4650943850561533,0.7777777777777779,65.02008273747786,0,1,1,0,1,0,1,0,0.0450870686383619
0.5021858126939402,0.7253130059095516,0.17176763319815436,0.4444444444444443,65.71716019396459,0,1,1,0,1,0,0,1,0.0717408303848486
0.546390492584589,0.5508841686602428,0.7299550444608247,0.5555555555555556,66.07193779104115,0,0,0,1,0,0,1,0,0.0780557846549413
0.7186057300279916,0.4107633133570441,0.4881945935519907,0.3333333333333333,58.98734092139416,1,0,1,0,0,0,1,0,0.10265796143257022
0.6063729362701702,0.3599758370121655,0.47563655211277966,0.5555555555555556,75.29038169457797,0,0,1,0,0,1,1,0,0.08662470518145289
0.4912764224002832,0.4859668577082707,0.4145573573525039,0.5555555555555556,59.49064408546631,0,1,0,1,0,0,1,1,0.0701823460571833
0.407200646890136,0.25557443822161097,0.4408563225331723,0.2222222222222223,54.726480320167205,1,0,1,0,1,0,0,0,0.05817152098430515
0.7981371439465499,0.30482534940453365,0.208683440042146,0.4444444444444443,58.34777582813946,1,0,1,0,0,0,0,0,0.11401959199236426
0.41238428364759067,0.9891503959233654,0.7044615702463508,0.8888888888888888,69.24923411024999,0,1,1,0,1,0,0,0,0.05891204052108438
0.6573885937425152,0.5444267543267427,0.676197375346514,1,79.52409578334377,0,1,1,0,1,0,0,0,0.09391265624893076
0.4956610312572126,0.6363001394745251,0.602563050600923,0.3333333333333333,61.9972412599218,0,1,1,0,0,0,1,0,0.07080871875103037
0.2148328831182626,0.1886741652952193,0.6809788183685166,0.5555555555555556,60.47820443267169,0,1,1,0,1,0,1,0,0.03069041187403751
0.7165129950997169,0.4930023019006078,0.6439632015988486,0.7777777777777779,73.9927081380138,0,1,1,0,0,0,0,0,0.10235899929995956
0.3694335325312372,0.5382198136039806,0.8999905054951483,0.3333333333333333,63.150887869160954,0,0,1,1,0,0,0,0,0.05277621893303388
0.5484644139531369,0.41596263658082866,0.3899718325631856,0.5555555555555556,64.37140868125915,0,1,1,0,0,0,1,1,0.07835205913616242
0.5547995568646189,0.23293112825798,0.6344266867568376,0.2222222222222223,69.70595327970715,0,1,1,0,1,0,1,0,0.07925707955208841
0.3918995703377202,0.4924730595150304,0.6014820514506072,0.5555555555555556,66.5838582394227,0,1,1,0,0,1,1,0,0.0559856529053886
0.5820138359424494,0.7893955768707466,0.9911293836104362,0.5555555555555556,59.572810822310714,0,1,0,0,1,0,1,1,0.0831448337060642
0.30457485724067135,0.40247875518550136,0.6637725475414982,0.2222222222222223,60.40801402746752,0,0,0,1,0,0,0,0,0.04351069389152447
0.41756349250010955,0.5826869806447403,0.9259187416863162,0.5555555555555556,64.93537835535204,0,0,1,0,0,0,1,1,0.05965192750001565
0.4560781252761143,0.4851133141799908,0.7140874381033795,0.4444444444444443,59.382491740368984,0,1,1,0,0,0,0,1,0.06515401789658776
0.46623454065879305,0.8624897115993857,0.955494575398972,0.3333333333333333,71.89078797697262,0,1,1,0,0,1,1,0,0.06660493437982758
0.5233765162169746,0.414623786010516,0.774548861579325,0.3333333333333333,59.047238561854066,1,0,0,0,1,0,1,0,0.07476807374528208
0.46105300529238463,0.511144982457739,0.6548509704875474,0.4444444444444443,57.840456406704455,0,1,1,0,0,0,1,0,0.06586471504176923
0.4049746766544429,0.5300603522923755,0.7341911438975086,0.6666666666666667,70.44675414783357,0,0,1,0,0,0,1,0,0.05785352523634899
0.5117862539135343,0.8753591625116135,0.42923093432651704,0,60.107248292600765,0,0,1,0,0,0,0,1,0.07311232198764775
0.4606104386098974,0.3965423099799257,0.6827800129410293,1,65.76192890692222,0,1,1,1,0,0,1,0,0.06580149122998534
0.5943777570166529,0.49208896922866896,0.8821929828989497,0.3333333333333333,68.89038486002086,0,1,1,1,0,0,0,0,0.08491110814523613
0.2526121815407273,0.17449151242336747,0.6784685231260523,0.6666666666666667,56.35426721092867,1,0,1,0,0,0,1,0,0.03608745450581818
0.6722568223518652,0.3694752041395219,0.6730774902637577,0.4444444444444443,70.51709879321555,0,1,1,0,1,0,1,0,0.09603668890740932
0.24439504326848172,0.6035318040938247,0.5195532523089348,0.5555555555555556,62.51282864476854,0,0,1,0,0,0,0,0,0.0349135776097831
0.5113963981276013,0.8591755346191043,0.4446851916251968,1,67.47173678401333,1,0,1,0,0,0,1,1,0.07305662830394304
0.3995433053703515,0.2103972199167512,0.8686426149312996,1,73.95499292157524,0,0,1,0,0,1,0,1,0.05707761505290736
0.5264309730288621,0.6014548062214595,0.5129777694152353,0.2222222222222223,62.143974171377515,0,1,1,0,1,0,0,0,0.07520442471840887
0.13323357901248645,0.15796632146867484,0.7413189548782873,1,56.073579681712246,0,1,1,0,1,0,0,0,0.0190333684303552
0.6507471631066881,0.3366128658025529,0.5177920872390476,0.3333333333333333,67.91569439452661,0,1,1,0,1,0,1,0,0.09296388044381258
0.48775824348584834,0.45085138718281126,0.6296630305865833,0.8888888888888888,70.0572542441509,0,0,1,0,0,0,0,0,0.06967974906940691
0.7999500068871555,0.611958089586208,0.4879422950266479,0.4444444444444443,72.42782949582754,0,1,1,0,0,0,1,0,0.11427857241245078
0.22436834226373176,0.4891410266964378,0.336708164433666,0.2222222222222223,55.87136349588759,0,0,1,0,0,1,1,0,0.03205262032339025
0.6375437076123451,0.49344934595680034,0.3483799418448994,0.6666666666666667,53.4207763594196,1,0,1,0,0,0,0,0,0.0910776725160493
0.4962623720441119,0.3753718947150473,0.39912404109089605,0.3333333333333333,59.15456181530079,0,0,1,1,0,0,1,0,0.07089462457773027
0.28199749940655755,0.3852675986239529,0.0917608221210946,0.3333333333333333,48.114469656767234,1,0,1,0,0,0,1,0,0.04028535705807965
0.6704844492062483,0.4183849253956897,0.41078765993322985,0.4444444444444443,60.38520855377566,0,1,1,0,1,0,1,1,0.09578349274374975
0.6573905814275294,0.8154906559526951,1.0000000000000004,0.2222222222222223,69.93021689708294,0,1,1,0,1,0,1,1,0.09391294020393276
0.4695100755238123,0.8693414651472069,0.7388846077261504,0.2222222222222223,61.76055947261096,0,1,1,0,1,0,0,1,0.06707286793197319
0.3657891334795389,0.5341730876255886,0.6268384470507224,1,66.25242487531051,1,0,1,0,0,0,1,0,0.05225559049707699
0.2673938254900936,0.4683984202842022,1.0000000000000004,0,52.01244458552124,0,1,1,1,0,0,1,0,0.03819911792715623
0.4386591494935706,0.5218789589209787,1.0000000000000004,1,70.6140316220359,0,1,1,0,0,0,1,1,0.0626655927847958
0.4191469286051806,0.666784430909781,0.2451080823472993,0.8888888888888888,58.33654416592744,1,0,1,1,0,0,1,1,0.05987813265788294
0.7571395843137587,0.4281415818425882,1.0000000000000004,0.3333333333333333,67.60969607550201,0,1,0,0,1,0,0,1,0.1081627977591084
0.21442753474196252,0.6416712894598708,1.0000000000000004,0.5555555555555556,49.45162232958241,1,0,1,1,0,0,1,1,0.0306325049631375
0.5560565359161174,0.2859830467347697,0.519072458783846,0.7777777777777779,65.54674418253569,0,1,1,1,0,0,1,1,0.07943664798801676
0.4227539353831637,0.7130960750130706,0.6264491495868096,0.5555555555555556,61.70476402732882,0,1,1,0,0,0,0,0,0.06039341934045195
0.1980241127165399,0.00567109997454218,0.629765814897473,0.1111111111111111,46.10023899742033,0,1,1,1,0,0,1,0,0.0282891589595057
0.5747482564073294,0.4454552860504659,0.6732834760504898,0,61.524379699734645,0,1,1,0,0,1,1,1,0.08210689377247563
0.3188217503848628,0.7183013703844925,0.8670106583478834,0.1111111111111111,48.09580068066193,1,0,1,0,0,0,1,0,0.04554596434069469
0.5461728220166886,0.4075449422589916,0.49493547703518415,0.8888888888888888,74.66057740512012,0,0,1,0,1,0,0,1,0.07802468885952694
0.26650770621401204,0.22802877180401637,0.34092572427303747,0.7777777777777779,50.53925520857483,1,0,1,0,0,0,1,1,0.03807252945914458
0.6410177978979923,0.7764317982075057,0.5852104465599788,0.1111111111111111,66.99545457411928,0,0,1,0,1,0,0,1,0.0915739711282846
0.3033121580997103,0.6421919936406983,0.7968660090219912,0.3333333333333333,64.71017831026097,0,1,0,0,1,0,0,0,0.04333030829995861
0.46336400198631905,0.5355402001866509,0.7005589861394235,0.4444444444444443,57.4648463834658,0,1,0,1,0,0,0,0,0.066194857426617
0.5823083192837817,0.3444366624818249,0.6047826695014678,0.1111111111111111,61.63473855814452,0,1,1,0,0,0,0,0,0.08318690275482596
0.27371317088872943,0.4807880200550701,0.4568002080508786,0.6666666666666667,58.09666302461386,0,1,1,0,0,0,0,0,0.03910188155553278
0.43159415954209374,0.4314624811839302,0.693774945496568,0.6666666666666667,65.98107818732856,0,1,1,0,1,0,1,1,0.06165630850601339
0.4580901343421649,0.4886108752557865,1.0000000000000004,0.3333333333333333,55.88006142694232,1,0,1,1,0,0,1,1,0.06544144776316642
0.37002528576660754,0.42780676683618424,0.6940464944502152,0.6666666666666667,69.75682909769974,0,0,1,0,0,0,0,0,0.05286075510951536
0.33162411106011797,0.7335564123319616,0.7839124468922476,0.1111111111111111,54.896430901513035,0,1,1,0,0,0,0,0,0.04737487300858828
0.3107315662408413,0.7711275717609902,0.6374048888446575,0.8888888888888888,69.48771786364948,1,0,1,0,1,0,1,0,0.04439022374869161
0.3358443865101416,0.15948327915243188,1.0000000000000004,0.4444444444444443,57.26803682543509,0,1,1,1,0,0,1,0,0.04797776950144879
0.4231248458643167,0.6571600317301667,0.8367125199929402,0.2222222222222223,63.00291716564856,0,0,1,0,1,0,0,1,0.06044640655204524
0.4253217041999613,0.2440846066528597,0.6226087513792011,0.5555555555555556,53.007956450366024,1,0,1,0,1,0,0,0,0.06076024345713732
0.4963194702017003,0.0152241346742088,0.7666868455666229,0.4444444444444443,53.006610478280635,1,0,1,0,0,0,1,0,0.07090278145738575
0.1605473712185853,0.5487601427542399,0.7832060059684842,0.2222222222222223,60.88336437497651,0,1,1,0,0,1,0,0,0.02293533874551218
0.3274355954648857,0.5957959651492786,0.837926021953527,0.7777777777777779,68.96139717269261,0,1,1,0,0,0,0,0,0.04677651363784081
0.5735501200160005,0.6400619758817983,0.6567861390640539,0.2222222222222223,66.81007829093782,0,1,1,0,1,0,0,0,0.08193573143085721
0.35681860749765093,0.7088321754138143,0.529625938224247,1,65.75967857172915,1,0,1,0,1,0,1,1,0.0509740867853787
0.42140039424924697,0.8818833280940261,0.8834779360712495,0.5555555555555556,62.24002056897754,0,1,1,0,0,0,0,0,0.06020005632132099
0.6374629233611224,0.8159144291461424,0.45248516803350824,0.5555555555555556,74.05573898132603,0,0,1,1,0,0,0,0,0.09106613190873178
0.3605318354250779,0.7188383036941897,0.7456987140970432,0.7777777777777779,67.31253222148212,0,1,1,0,0,0,1,0,0.05150454791786827
0.4351864946283413,0.3871842738526545,0.839601983266359,0.7777777777777779,63.95751586167226,0,1,1,0,0,0,1,0,0.06216949923262018
0.20698641340886825,0.6141197337186322,1.0000000000000004,0.6666666666666667,66.21534875177525,0,0,1,0,0,1,1,0,0.02956948762983832
0.6208485255860423,0.8131048058468684,0.6185222840423443,0.1111111111111111,62.16388469090786,0,1,1,0,0,0,1,1,0.08869264651229176
0.6903371472693698,0.38890457616794905,0.25302167913451434,1,73.97792258967473,0,1,1,0,0,1,1,0,0.09861959246705285
0.2648203147895601,0.5695163410723343,0.6356909766339491,0.1111111111111111,52.41828673950314,0,1,0,0,1,0,1,1,0.03783147354136573
0.2364805807836362,0.3593647149748227,0.3427977460206364,0.6666666666666667,54.75570989563197,0,1,0,0,1,0,1,0,0.03378294011194803
0.6028484174754529,0.6181309661384617,0.6770813394605586,0.6666666666666667,71.72409636941968,0,1,1,1,0,0,1,1,0.08612120249649327
0.3289595119010021,0.7106305706665808,0.6468156645317595,1,67.19202896274264,0,1,1,0,0,0,0,0,0.04699421598585744
0.4389953197620955,0.674491465656029,0.9410155406253344,0,60.77153239445091,0,0,0,1,0,0,1,0,0.06271361710887079
0.5436372820172632,0.7818694880371162,0.7921584575806309,0.2222222222222223,64.9066012174088,1,0,0,0,1,0,1,0,0.07766246885960904
0.18875874932184067,0.5498767367421511,0.7750930384152497,1,72.73246701459412,0,0,1,0,0,0,1,0,0.02696553561740581
0.2773562170048096,0.3858507412501049,0.07057232571055794,0.4444444444444443,58.90786533270395,0,1,0,0,0,1,0,0,0.0396223167149728
0.31235765470566096,0.131825153733671,0.5820181361410315,0.8888888888888888,56.721922985807424,0,1,1,0,0,0,0,0,0.0446225221008087
0.15132119670725874,0.48684994778540247,0.6056756016697138,0.2222222222222223,57.734080524609965,0,1,1,0,1,0,1,0,0.02161731381532267
0.28085966926978595,0.6243619924434392,0.9501774895921408,0.5555555555555556,61.9314739968167,1,0,1,1,0,0,1,0,0.04012280989568371
0.5055441521272523,0.19489496581505228,0.5474528350454055,1,58.70119919296823,0,0,0,1,0,0,1,1,0.07222059316103605
0.4400254652029083,0.4888830658179091,0.7199567498293393,0.3333333333333333,68.6896789161019,0,0,1,0,0,0,1,0,0.06286078074327262
0.1787065013120499,0.5737346617745802,0.427611203440311,0.5555555555555556,61.509903439977506,0,0,1,0,1,0,0,1,0.0255295001874357
0.11318295867762895,0.7287508086413859,0.866272174054866,0.4444444444444443,55.192282134408174,1,0,1,0,0,0,1,0,0.01616899409680413
0.2409705027826074,0.5094797342632829,1.0000000000000004,1,71.21287650954056,0,0,1,1,0,0,0,0,0.03442435754037248
0.5815352631283093,0.3696327784395681,0.5579573526781854,0.4444444444444443,68.97286140709853,0,1,1,0,1,0,1,0,0.08307646616118704
0.5970114640614568,0.40812782009195114,0.9079066070538216,0.2222222222222223,68.41510391673957,0,0,1,0,0,0,0,0,0.08528735200877954
0.7496875720868368,0.7338591180891347,0.7012513667674227,1,80.07234919761619,0,1,1,0,1,0,0,0,0.10709822458383382
0.35995391521592285,0.5764819492368103,0.944986200739204,0.5555555555555556,66.67768546284869,0,1,1,0,1,0,1,0,0.05142198788798897
0.4984721698591847,0.5164567978550849,0.5287479194443963,0.1111111111111111,58.553038688064454,0,0,1,0,0,0,1,1,0.07121030997988352
0.1246492418946042,0.6308731312708116,0.6255910579351167,0,56.25556183306589,0,0,1,0,0,0,1,0,0.01780703455637202
0.3560681747157043,0.48356976432148624,0.8004401513628623,0.7777777777777779,74.02276133115588,0,0,1,0,0,1,0,0,0.05086688210224347
0.4831194340040505,0.59849025280163,0.32633848077709526,0,64.76110391679359,0,0,1,0,1,0,1,0,0.06901706200057864
0.3062786092907657,0.6876567611951996,0.5152032726640594,0.6666666666666667,67.33473195984008,0,0,1,0,0,0,1,0,0.04375408704153796
0.35049035231044867,0.4572022311548984,0.7090854125700781,0.6666666666666667,64.17692278416854,0,1,1,0,0,0,1,1,0.0500700503300641
0.3441600090728783,0.627718491755475,0.6101698307646619,0.4444444444444443,69.95017295713272,0,0,1,0,0,0,1,0,0.04916571558183975
0.4384734379261192,0.5653854747528326,0.6874442381376529,0.7777777777777779,69.53044115536065,0,1,1,1,0,0,1,0,0.06263906256087418
0.5379085321724835,0.7098018451673778,0.5703927457186637,0.5555555555555556,67.92688506535632,0,1,1,0,1,0,1,0,0.0768440760246405
0.4029384378517146,0.12209185381089394,0.819578672258737,0.7777777777777779,68.25950029035377,0,0,1,0,1,0,0,1,0.05756263397881638
0.2928798686453213,0.5942936714271994,0.9441501050092418,0.6666666666666667,61.72331460222422,0,1,1,0,1,0,0,0,0.0418399812350459
0.3084760636168714,0.08532195351837024,0.7346992016403382,0.8888888888888888,61.22438884606593,0,1,1,0,1,0,1,0,0.04406800908812448
0.20608754811767233,0.854160127127102,0.4606768838956432,0.3333333333333333,49.0259868222571,1,0,1,0,0,0,0,1,0.02944107830252462
0.605885276199926,0.4044685106469767,0.6610745977646086,0.3333333333333333,55.38277111368139,1,0,1,0,0,1,1,1,0.08655503945713229
0.4551577809603548,0.5036867866130788,0.6798114656461607,0.4444444444444443,56.35823619131992,0,1,1,1,0,0,0,0,0.06502254013719354
0.44096084545041975,0.413100754513537,0.7937347263003423,0.7777777777777779,67.70449123629314,1,0,1,0,1,0,1,1,0.06299440649291711
0.40761617785557386,0.7880234430898945,0.8057741820234612,0.5555555555555556,65.74022062122977,0,1,1,1,0,0,1,1,0.05823088255079627
0.5871775768316898,0.7318659606728497,0.3612236866530156,0,66.02818489890899,0,0,1,0,0,0,1,0,0.08388251097595568
0.23814186130663628,0.6221171490567645,0.8908929460391986,0.3333333333333333,58.95438791703276,0,0,1,1,0,0,0,1,0.03402026590094804
0.3927333183455351,0.6779261591246877,0.599106227742114,0.4444444444444443,62.181556331361186,0,1,1,0,0,0,1,0,0.05610475976364787
0.2679088574629525,0.5486678898645385,0.6745997204711189,0.6666666666666667,61.78163371756995,0,0,1,0,0,0,0,0,0.03827269392327893
0.7370012515183118,0.29469694011778813,0.9176697455942856,0.5555555555555556,77.62758722015242,0,0,1,0,0,0,0,0,0.10528589307404454
0.23930039170545184,0.2409842455872768,0.8318085974858702,0.3333333333333333,48.68028526888606,1,0,1,1,0,0,0,0,0.03418577024363598
0.344545670203774,0.393826245415936,0.5568648359006496,0.3333333333333333,66.83805070570689,0,0,1,0,0,0,0,0,0.04922081002911057
0.6887192392647035,0.16611894377572578,0.7905728989842715,0.8888888888888888,67.12402210838111,0,1,0,0,1,0,1,1,0.09838846275210048
0.6034447383599781,0.39101618263821014,0.5035688618137932,0.6666666666666667,70.7061799634151,0,0,1,0,0,0,0,0,0.0862063911942826
0.4607237942025831,0.6317088545345664,0.5671841293540614,1,67.09628194316744,0,0,1,1,0,0,0,1,0.06581768488608329
0.5040756711691583,0.39545539589619216,0.6986360415902073,0.5555555555555556,58.72767933753297,1,0,1,0,0,0,0,0,0.07201081016702261
0.3958288194788983,0.31913667497911824,0.43318793947186895,0.7777777777777779,66.72596653965225,0,1,1,0,0,0,1,0,0.05654697421127119
0.4573391623857141,0.4505645234958806,0.5392141428388424,0.7777777777777779,62.85025860193317,0,1,0,0,0,0,1,1,0.06533416605510202
0.5577107359335571,0.34433905491953753,1.0000000000000004,0.2222222222222223,73.21068033604337,0,0,1,0,1,0,0,0,0.07967296227622245
0.4081642439065744,0.46262567116772835,0.6638944280860501,0.6666666666666667,59.11522629790164,1,0,1,0,0,0,0,1,0.0583091777009392
0.44311567089167486,0.5416765615895107,0.5420788709120132,0.5555555555555556,58.85019638339705,1,0,1,0,0,0,1,0,0.0633022386988107
0.5039632063630688,0.4169424172198397,0.5889247795752457,0.5555555555555556,68.58050542561769,0,1,1,0,1,0,1,0,0.07199474376615268
0.20052528642242468,0.39799672022905064,0.65101769940958,0.5555555555555556,58.41860932475845,0,1,0,0,0,0,1,0,0.02864646948891781
0.42631775303496816,0.8095010402660123,0.6973309871947513,0.1111111111111111,59.55565237726312,0,1,1,1,0,0,1,0,0.06090253614785259
0.28995603251476393,0.38487243475244526,0.7987793373162537,0.5555555555555556,58.855074525075715,0,0,1,0,0,0,1,1,0.04142229035925199
0.3165531839631029,0.8589115727035577,0.6212807636224382,0.4444444444444443,70.2051070293036,0,0,1,1,0,0,1,0,0.04522188342330041
0.8302208722233626,0.561560353778412,0.3950810137625411,0.3333333333333333,73.95940792388859,0,1,1,0,0,0,0,0,0.11860298174619466
0.4266060511186847,0.5685450692755409,0.8438712490380738,0.3333333333333333,58.98578306138423,0,1,1,0,0,0,1,1,0.06094372158838353
0.1589220229292982,0.46657638393662926,0.3581944798901002,0.5555555555555556,54.26698153832126,0,1,1,0,0,0,1,1,0.02270314613275688
0.2961920395068572,0.749217038499526,0.8451630854356589,1,70.81815953516434,1,0,1,0,1,0,0,0,0.0423131485009796
0.23429711872193693,0.31535335077781923,0.7461884035125044,0.2222222222222223,47.12040082518137,1,0,1,1,0,0,1,1,0.0334710169602767
0.5468055611183487,0.364721539588146,1.0000000000000004,0.3333333333333333,61.60846350232184,0,0,1,1,0,0,0,0,0.0781150801597641
0.3044908040809818,1,0.8264333831685562,0,57.47451519912333,0,1,1,0,0,0,1,0,0.04349868629728311
0.5302836556458876,0.24391412950074365,0.5073645231190653,0.7777777777777779,65.5168281040743,0,1,1,0,0,0,1,0,0.07575480794941251
0.6349149135302812,0.5962018463473429,0.7161799913151703,0,67.9115255804273,0,1,0,0,0,0,0,0,0.09070213050432588
0.308074330572199,0.95977962472385,0.6533802916025224,0.1111111111111111,60.94769523194778,0,1,1,0,1,0,1,0,0.04401061865317129
0.4817931914128472,0.5571730781449811,0.6633677987280318,0.2222222222222223,57.769942639893976,0,1,1,0,0,0,1,1,0.06882759877326389
0.47354074658308426,0.2510690593377167,0.4261071939660957,1,58.876827206757454,0,0,1,1,0,0,0,1,0.06764867808329775
0.5709393145266557,0.7206603764033046,0.9581880699558116,0.8888888888888888,77.02315058140603,0,1,1,0,1,0,1,1,0.08156275921809367
0.5913844039360194,0.5053771677989063,0.961619890793176,0.5555555555555556,72.5258275089497,0,0,1,0,0,0,1,0,0.0844834862765742
0.3097280635519192,0.7376786546896168,1.0000000000000004,0.3333333333333333,63.652489366291654,0,0,1,0,0,0,1,1,0.04424686622170274
0.2881402711252573,0.6212019902691279,0.6790669778506744,0.4444444444444443,54.20899923579769,0,1,1,1,0,0,1,1,0.04116289587503675
0.4323062923349656,0.4250358384900806,0.6177408593605587,0.6666666666666667,61.06477233547709,0,1,1,0,0,0,1,1,0.06175804176213794
0.3253858747733831,0.5118436868028977,0.9031743101079202,0.5555555555555556,57.65130442036384,1,0,1,1,0,0,0,0,0.04648369639619759
0.45707853747673216,0.2991718466495865,0.620328310735331,0.6666666666666667,61.37640537708524,0,1,1,0,0,0,0,0,0.06529693392524745
0.3668228188494016,0.4899523781101726,0.7153708393701503,0.4444444444444443,56.50582502649447,1,0,1,1,0,0,1,0,0.0524032598356288
0.326499533507981,0.5369672247389747,0.7665681276239344,0.6666666666666667,63.91168477541839,0,1,1,0,0,0,0,1,0.04664279050114014
0.15060441855065548,0.37920296265683606,0.9887902853478104,0.2222222222222223,53.48096556210209,0,1,1,0,1,0,1,0,0.02151491693580792
0.34621698495374253,0.5543157674390748,0.6682775046928633,0.1111111111111111,53.67152411460393,0,1,1,0,1,0,0,0,0.04945956927910607
0.4485294734876014,0.46461055450119026,0.629692110215911,0.7777777777777779,58.79454883045607,1,0,1,1,0,0,1,0,0.06407563906965734
0.3500614895106491,0.4748426159800705,0.4952752153736508,0.3333333333333333,54.40593398577347,0,1,1,0,0,0,1,1,0.05000878421580701
0.5233173818733685,0.4519349203683731,0.44250742750247607,0.8888888888888888,69.9413488335887,0,1,1,0,0,1,1,0,0.07475962598190979
0.4996550163450385,0.5788904284756595,0.7953741702227988,0.6666666666666667,56.82792237393727,1,0,1,0,0,0,1,1,0.07137928804929121
0.5523925341278932,0.2202864852361719,0.6834691607742798,1,65.26885546697802,0,1,1,0,0,0,1,0,0.0789132191611276
0.49379782395520705,0.4460250129413259,0.6878635148710006,0.3333333333333333,63.8764846425511,0,1,1,0,0,0,0,0,0.07054254627931529
0.36355051980626046,0.42727755755722896,0.4765296778382324,0.5555555555555556,65.13364329848943,0,0,1,1,0,0,1,0,0.05193578854375149
0.5300754362631459,0.850958836396873,0.5164032134533603,0.4444444444444443,65.81879812835496,1,0,1,0,0,0,1,0,0.07572506232330656
0.00782026042948708,0.6658811162366978,0.9000411742620411,0.3333333333333333,54.37968769391672,1,0,1,0,0,0,1,0,0.00111718006135529
0.40534658888191993,0.5754600986089704,0.7497973905034105,1,76.0395181074023,0,1,1,0,0,0,1,0,0.05790665555455999
0.5697666165589068,0.5447768048558264,0.91261684006105,1,70.04719721903243,1,0,1,0,0,0,1,0,0.08139523093698668
0.7554068629685706,0.5027858583825893,0.5105649617140582,0.5555555555555556,69.3898763025285,0,1,1,0,0,0,1,0,0.10791526613836724
0.3652868925842851,0.5373533528954157,0.6775621261570817,0.2222222222222223,63.354074808783686,0,0,1,0,0,0,1,0,0.05218384179775501
0.4522745434052347,0.7556903725214597,0.8359198761910327,0.8888888888888888,70.17573663032047,0,1,1,0,0,0,1,1,0.06461064905789067
0.396334671291088,0.5942831112772808,0.7602753891676963,0,59.56310803372921,1,0,1,0,0,1,1,0,0.05661923875586971
0.3587999582216622,0.4908827967289006,0.9560009300626482,0.3333333333333333,55.73581576967979,1,0,1,1,0,0,1,0,0.05125713688880889
0.3074077118500392,0.4901072580695134,0.7068096587039983,0.7777777777777779,57.10856425756125,0,1,0,1,0,0,0,1,0.04391538740714845
0.3873253583566495,0.6739211840211323,1.0000000000000004,0.2222222222222223,66.23281153519997,0,1,1,0,1,0,1,0,0.05533219405094992
0.49681899987699,0.30448895104028995,0.5577956417505123,0.8888888888888888,61.90227642508853,0,1,1,1,0,0,1,1,0.07097414283957
0.37110369666161386,0.3746065884424467,0.4996097028033595,0.8888888888888888,59.96319234487862,0,1,1,0,0,0,0,1,0.05301481380880198
0.7931756570586879,0.4274322879120682,0.7821716737253865,0.6666666666666667,68.00706134499804,0,1,1,0,0,0,0,1,0.11331080815124112
0.3986024949191705,0.5256208829821578,0.946370120171526,0.3333333333333333,68.61159144767386,0,0,1,1,0,0,0,0,0.0569432135598815
0.36619871345528576,0.5097043255889655,0.912362106001745,0.3333333333333333,59.59878025980917,0,0,1,1,0,0,0,0,0.05231410192218368
0.48010776290014806,0.6418007515177024,0.4730212365462463,0.5555555555555556,72.90633014826723,0,1,1,0,0,0,0,0,0.06858682327144973
0.49394188998330874,0.6392412729626837,0.4738441841577914,1,75.69507015056776,0,0,1,1,0,0,1,0,0.07056312714047268
0.30158485170839733,0.27418964575655425,0.9915443683965276,0.2222222222222223,51.01716121777676,1,0,1,1,0,0,1,0,0.04308355024405676
0.5723502326365959,0.3272018460640369,0.8165476532728704,0.2222222222222223,61.12408911268622,0,1,1,0,0,0,1,0,0.08176431894808513
0.4257231028293062,0.48205286114255474,0.5354507895591518,1,67.36007003535764,0,1,1,0,0,0,0,0,0.06081758611847231
0.3443379961246436,0.5519445003442964,0.8115407871209865,0.4444444444444443,69.19972026142752,0,0,0,0,1,0,0,0,0.04919114230352051
0.3907675250768318,0.5146635934376809,0.3858299158816054,0.5555555555555556,57.42008560735529,1,0,1,0,1,0,0,0,0.05582393215383312
0.3369244853435904,0.4296973031917384,0.7498009526883052,0.3333333333333333,58.08425588239202,0,1,1,1,0,0,1,0,0.04813206933479862
0.4783550504223149,0.4904577287716041,0.5772761093400889,0.3333333333333333,62.01194815031623,0,1,1,0,0,0,1,0,0.06833643577461641
0.7087805804686698,0.5760395702011927,0.8334123459566398,0.4444444444444443,80.90021186722909,0,0,1,0,0,0,1,0,0.1012543686383814
0.19196990699680028,0.5888526622972081,0.4457776020797679,0.6666666666666667,54.260729678349726,1,0,1,0,0,0,0,0,0.02742427242811432
0.5039470254386189,0.28378869191834766,0.6886020804538995,0.5555555555555556,59.50614221800159,1,0,1,0,0,0,1,1,0.07199243220551699
0.4054216182862476,0.4025749232470608,0.7606641631219673,0.5555555555555556,63.18345281572739,0,0,0,0,0,1,1,1,0.05791737404089252
